,coef1,coef2,coef3,coef4,coef5,coef6,coef7,coef8,coef9,coef10,coef11,coef12,coef13,coef14,coef15,coef16,coef17,coef18,coef19,coef20,coef21,coef22,coef23,coef24,coef25,coef26,coef27,coef28,coef29,coef30,coef31,coef32,coef33,coef34,coef35,coef36,coef37,coef38,name
condition1,-0.008539833,0.103488946,0.020511807,0.003227957,0.001636274,-0.01062053,-0.026568836,0.003028478,-0.020619151,0.064706854,-0.016284391,0.081325732,0.048277086,-0.046509068,-0.047566654,-0.017752942,-0.000147207,-0.010590838,0.220559146,0.027949428,-0.137341107,-0.080798556,0.030071302,0.051288737,0.025552285,-0.020851419,-0.015799251,-0.000900127,-0.004068131,0.04524652,-0.011504747,-0.047095789,-0.033420362,0.006872505,0.041826783,-0.014373478,1.4949528,135.0124683,condition1_3_3_v_2
condition1,0.076174936,-0.063603542,-0.000177752,-0.031631593,0.023197854,-0.02970333,0.004071072,-0.009617434,-0.013963195,0.120199579,-0.016010199,0.041185689,-0.024594086,0.01143717,0.009394966,0.03600785,0.009591359,0.012140452,0.181530348,-0.031552558,-0.045616333,0.019434463,0.048685997,-0.006383227,-0.017295642,0.000803267,0.00731503,-0.012546824,-0.123779917,0.030300688,0.034535662,0.001324962,-0.01909445,0.002298462,-0.007518743,-0.0095687,1.553061792,92.78621045,condition1_3_3_v_0
condition1,0.132319465,0.15915423,-0.077635188,-0.009620003,0.037214624,0.021638044,-0.053613122,0.017533625,-0.003180841,0.106935521,-0.035666091,0.031240941,0.001515051,-0.045556952,0.03139125,0.020864208,0.006773831,-0.010729792,0.316097237,-0.084321992,-0.140931439,0.078226812,0.007963278,-0.063495566,0.017447648,-0.011215805,-0.011563004,0.12764982,-0.108615587,-0.095245926,0.052399662,0.098454678,-0.069138708,-0.026980375,0.037730042,-0.008364795,1.911914953,100.0428639,condition1_3_3_v_1
condition1,0.05740146,-0.034903631,0.019819609,0.068732972,-0.019417441,0.010230062,0.011901796,0.0193589,0.014999992,0.128199314,-0.037314384,0.019920985,0.058011307,-0.020794309,-0.019470257,0.014202039,-0.035398487,0.007855473,0.148598063,-0.012107132,-0.082135148,-0.043365165,0.001473917,-0.001709927,0.006840551,0.022971869,-0.031137305,-0.01612379,-0.122207476,0.055638908,0.04220624,-0.086215433,0.019450163,-0.017833924,0.031228855,0.029025209,1.694263719,120.9207954,condition1_3_3_ii_2
condition1,-0.068445838,-0.048524107,-0.002934874,0.004347868,0.016998649,-0.001741472,0.028279871,0.014416639,0.019325791,0.096356393,-0.031749614,-0.035183531,-0.025246205,-0.024057422,-0.016682854,0.000808665,0.018660288,0.00199668,0.091826499,0.007830157,-0.03894756,-0.010996687,0.018509173,0.011074657,-0.008860266,0.00344285,0.022212844,-0.059782212,-0.121802734,-0.000460313,0.052437262,-0.006309843,-0.022376176,-0.004937383,-0.00643686,-0.004819695,1.453294754,98.04898518,condition1_3_3_ii_0
condition1,0.069362467,0.092188568,-0.023047354,0.006295832,0.022812053,-0.030990525,0.015108842,-0.012564492,0.010927445,0.223230164,-0.02883299,0.002604289,0.046507446,-0.030452342,-0.018372707,0.009900026,0.014615486,-0.010062022,0.165198893,-0.015617715,-0.088594291,-0.020461407,0.040124719,-0.019733104,-0.015807029,0.012468511,0.012610349,0.070492301,-0.137016679,-0.00186104,0.074573973,-0.007100003,-0.004056528,-0.018142108,0.00378446,-0.00749143,1.773532538,110.0437515,condition1_3_3_ii_1
condition1,0.019595273,0.162110784,-0.047933348,0.055352177,0.018067865,0.001022184,0.003698537,-0.007779574,-0.020611654,-0.148222497,0.073086,0.093578358,0.017649561,-0.013707592,-0.058400498,-0.015062168,0.017544913,-0.000248627,0.44714913,-0.090852116,-0.201983079,0.099051327,0.048446402,-0.026906893,0.013654659,0.002082503,-0.007959307,0.144402985,0.197370955,-0.152898436,-0.066376286,0.073491372,0.011106651,-0.015520977,-0.000506066,0.025379795,1.385452381,146.4955046,condition1_3_2_i_2
condition1,-0.03682422,0.171422067,0.026853841,-0.005711761,-0.005717837,-0.041874682,-0.005627436,0.00559869,0.027291737,-0.042102834,-0.092552193,0.01882802,0.011249933,-0.035482274,-0.023878352,0.023542746,0.009557734,0.001330229,0.368105271,0.092169362,-0.198713134,-0.06840902,0.078205277,0.059393991,0.006531202,-0.023304842,-0.008701724,-0.040525116,0.093167481,0.056109196,0.000280936,-0.064757244,0.004495384,0.059085142,0.002361377,-0.044891918,1.559267963,111.6850562,condition1_3_2_i_1
condition1,-0.082411154,0.029624569,0.012992433,0.014892083,-0.039752248,-0.01135271,-6.26E-05,0.00524881,0.009254165,0.101404175,-0.024388894,0.015350015,0.007691562,-0.005876077,-0.002837705,-0.00079041,0.00473943,0.003931341,0.145018462,0.039755704,-0.056653964,-0.03483969,-0.012275504,0.017736247,0.010150133,0.016991617,-0.000436024,0.029718899,-0.089663048,0.006024549,0.047491192,-0.011938612,-0.028058792,-0.032380692,0.016199806,0.020425056,1.372014722,117.1837551,condition1_3_2_i_0
condition1,0.11447158,0.134489456,-0.142332289,0.034393159,0.017395986,-0.048097058,-0.02395281,0.016134927,0.021506831,0.020845689,0.103659518,0.083333442,-0.009537158,0.018970518,0.013060808,-0.034234871,0.01421363,0.022496433,0.296260453,-0.127779286,-0.100484589,0.035207692,-0.053229993,0.044425766,0.028949983,-0.023762135,0.031621498,0.083904734,-0.112756185,-0.149525755,0.128174673,-0.018917706,-0.083892074,0.031655698,0.011719484,-0.015093424,1.801407062,114.1313971,condition1_3_2_ii_2
condition1,0.031711635,-0.030968049,-0.011584762,0.004313971,0.018322658,-0.012248963,-0.017831058,-0.002179649,-0.001821597,0.167825163,0.023698822,0.020545755,0.029100237,-0.021156655,-0.03086256,0.026192664,-0.013327284,0.019468215,0.012521181,-0.043496029,-0.054797636,-0.001683134,0.035040048,0.002650878,-0.019201699,0.008941826,0.026401437,0.050553012,-0.10700277,0.011190232,0.037863898,-0.012968427,0.001123542,0.016434839,-0.005158855,-0.004322321,1.350552369,163.8722365,condition1_3_2_ii_1
condition1,-0.070335626,0.023152543,0.049678098,-0.029433122,-0.00262855,-0.030426216,-0.023521899,0.004944135,-0.00052,0.072718002,0.004123986,0.063827457,0.000974049,0.002600599,-0.027836343,0.006287743,-0.006907658,-0.004243135,0.171025421,0.074036444,-0.074121528,-0.024112131,0.035070405,0.007846929,-0.019653495,0.010413633,0.001159477,0.004498266,-0.072383238,-0.029910219,0.039292701,0.028222108,-0.00893645,-0.00933594,-0.004671635,0.029147375,1.393535997,92.06733837,condition1_3_2_ii_0
condition1,0.017025342,0.02487185,-0.026031903,0.048401873,0.000917264,0.025517228,0.002067667,-0.017208594,-0.011367094,0.204178387,-0.000243762,-0.000742951,0.02712937,-0.038679389,-0.000501472,0.026593078,0.001985851,0.010331783,0.146367895,-0.070315687,-0.147513606,0.044622169,0.063854699,-0.028839393,-0.014513275,0.022734646,0.003301522,-0.039676667,-0.136910999,0.030890966,0.04672438,0.001327852,0.013835705,-0.014694294,-0.004360692,-0.017268263,1.652984247,120.857548,condition1_3_3_i_2
condition1,0.052983226,-0.017072923,-0.045409612,0.032849476,0.045195112,0.003679888,-0.014626408,0.008163591,0.016530971,0.205916473,0.045833005,0.044424799,0.047146594,0.017133689,0.005625955,-0.016186071,-0.00307206,-0.02567781,-0.002842095,0.04630655,-0.024624986,-0.075060544,-0.020173203,0.004737815,-0.001443843,-0.013647571,0.007146951,0.186021298,-0.0694294,-0.080518256,-0.008164945,0.009183075,-0.000768345,-0.016430038,-0.006803681,-0.010533211,1.434081384,143.9568372,condition1_3_3_i_1
condition1,0.074254027,-0.040358281,0.058962141,-0.033433324,-0.00596608,-0.038594823,-0.000350556,0.005306902,0.015394372,0.145655681,-0.046821734,0.031382665,0.007590069,0.001161939,0.002614673,-0.019345516,0.024106128,-0.017077956,0.180121578,0.000307742,-0.039942391,-0.025705388,0.021008869,0.002571943,-0.012476688,0.019910134,0.008285501,-0.010819573,-0.101598446,0.024965988,0.054708034,-0.00692549,-0.027957399,-0.026992343,0.017827272,-0.00359885,1.51472689,102.3103576,condition1_3_3_i_0
condition1,0.11418473,-0.029538561,-0.034786872,0.0761808,-0.042793202,-0.043623731,-0.014309768,-0.025419786,0.00572212,0.262119959,0.027169393,0.047522295,0.003365886,-0.056066673,-0.007325275,0.029204534,0.016413465,0.032071357,0.028202678,-0.039096064,-0.100186843,0.082003951,0.056881506,0.007315943,-0.014250828,0.038224629,0.023108991,0.068470285,-0.19815501,0.027942107,0.035489103,-0.059294913,-0.028276226,0.010964779,-0.022653603,-0.012287042,1.609348793,135.2569675,condition1_3_2_iii_2
condition1,0.002988202,-0.067704904,0.047286084,0.003648332,0.024435097,-0.011611312,0.008421759,0.019666279,-0.009624958,0.155175062,0.007894444,-0.000455266,0.040835279,-0.024833829,0.027578276,0.005047143,0.015006881,-0.018267137,0.144700924,0.000131727,-0.053580359,0.00249899,0.010170504,-0.028420659,-0.000160149,0.004176283,0.003371369,0.011862043,-0.115044013,0.009015548,0.067523408,0.018498917,-0.016348387,-0.000725278,0.02656919,-0.007723828,1.614316946,99.31589299,condition1_3_2_iii_0
condition1,-0.054535596,0.077034995,-0.001469402,0.031207551,-0.005812587,-0.00658901,-0.007011984,0.011673648,-0.001274138,0.301012805,-0.015586705,0.008779501,-0.029550469,-0.051946143,-0.016588063,-0.034348631,-0.002509235,-0.029557234,0.185223123,0.033647996,-0.128926373,-0.009971608,0.024059524,-0.0073012,-0.015951234,0.012637628,0.003570405,-0.028925618,-0.212231498,0.000135587,0.073187297,0.005047728,-0.015676406,-0.00303034,0.030737822,0.028686231,2.002347939,104.9697576,condition1_3_2_iii_1
condition1,0.077004698,0.100714133,-0.078961451,0.058876066,0.030417703,-0.044389728,0.005254879,0.025531755,0.02160917,0.018852568,0.014560201,-0.003073605,-0.007812123,0.016632637,0.007699881,-0.00883503,-0.026980029,-0.012533355,0.324220394,-0.081210049,-0.057058341,0.009075286,-0.090047888,0.008284708,0.011665252,0.018264192,0.058637917,0.051321023,-0.140840547,-0.049451448,0.187896312,-0.029491401,-0.103349343,0.037262412,-0.011189986,0.012322798,1.66613207,127.0268237,condition1_3_3_iii_2
condition1,0.127716172,0.117421835,-0.036606495,-0.018342419,0.001595709,-0.004613334,0.004185814,-0.008916164,0.001073768,0.300924155,-0.020369098,0.085190259,-0.012850538,-0.059833396,0.016719136,0.015886416,0.010120884,-0.017794787,0.31023803,-0.040400652,-0.187452807,0.020837467,0.066039269,-0.002364778,-0.035643543,0.005277991,0.035716725,0.087679399,-0.174750078,-0.023318441,0.035722813,-0.006966684,0.007722624,-0.017464331,0.013279196,0.002160594,2.279364004,103.9089787,condition1_3_3_iii_1
condition1,-0.0411654,-0.06554888,0.023842426,-0.023476642,0.026181081,0.011145986,0.020176238,0.026383069,0.008795731,0.204764925,-0.032384838,0.016442536,-0.014393518,-0.037678136,-0.016202967,0.008549589,0.022901554,-0.006661535,0.252497261,-0.018817248,-0.062704709,-0.038112476,0.027966289,-0.020344319,-0.032712565,0.018110345,0.011510127,-0.053792877,-0.196868329,0.009703411,0.035750038,-0.028455465,-0.030341577,-0.030968392,0.001327702,0.002713418,1.883170365,76.08545003,condition1_3_3_iii_0
condition1,-0.026997604,0.017703001,0.001824902,0.019199791,0.005894134,-0.01500259,0.00846777,0.006785672,0.017456436,0.140189505,0.033047524,0.032415489,0.015341864,-0.034763561,-0.008390564,-0.013989913,-0.002811736,-0.004256467,0.140645709,0.072891478,-0.046807734,-0.079181482,-0.013569933,0.015705903,0.001372291,2.66E-05,-0.004887677,0.033855328,-0.060621098,0.000582495,0.058451772,-0.013481454,-0.007083749,-0.036906251,0.010577582,0.009796581,1.575638748,119.4044165,condition1_3_3_iv_2
condition1,0.079904047,0.063472282,-0.045091152,0.030518383,0.03986975,-0.003151351,-0.033624719,0.025756442,-0.016570943,0.25182192,-0.030736499,0.003675348,0.02295709,-0.034497525,0.021869318,0.001367946,-0.010385227,0.016900533,0.072805326,-0.054504317,-0.095395722,-0.001182031,0.009626247,-0.013853186,-0.003522014,-0.008592965,-0.006110797,0.055533533,-0.212009083,-0.029990238,0.06897794,-0.003224817,-0.016847129,0.019670516,0.021345946,0.014332137,1.685165706,104.6117945,condition1_3_3_iv_1
condition1,0.040554771,-0.026469945,0.004368327,0.019087566,0.020249266,-0.009337275,0.016836322,0.002224325,-0.020684001,0.050642458,-0.03767897,-0.022600754,0.004158288,-0.028565501,0.037048415,0.008377275,0.03065101,-0.007408682,0.160478324,-0.05309223,-0.062240781,0.057925403,0.033831374,-0.008910532,0.007001568,0.007041798,-0.00277697,-0.067234858,-0.097653731,0.048240414,0.042996697,-0.014022655,-0.024119553,0.006362627,0.00017302,-0.015981827,1.471335946,82.63635167,condition1_3_3_iv_0
condition1,-0.055930018,0.06796091,0.000717465,0.01523041,0.020706705,-0.010594468,-0.043477816,-0.024215747,0.004373187,0.04922827,0.09440771,0.05693003,-0.011785949,-0.019318462,0.020656984,0.001668948,-0.009325142,0.010405001,0.243858179,0.024125358,-0.102683298,-0.002156124,-0.001807728,-0.000926095,0.037018164,0.010305614,-0.011557318,0.036113904,-0.075042193,-0.040700289,0.041332392,0.062781214,-0.032997274,-0.05819039,0.023245451,0.015225756,1.516008309,124.2429134,condition1_3_2_v_2
condition1,-0.024847721,-0.050385492,0.023933142,-0.003332167,0.029994399,-0.039259568,0.025394197,-0.003171038,0.01070606,0.115384152,-0.005066302,-0.01058474,-0.003901327,-0.029710369,0.008207081,0.018948487,0.00652298,0.017847136,0.190712801,-0.000223353,-0.063285665,-0.00960743,0.034546529,0.002276035,0.014599215,0.018409193,-0.001458893,-0.046492276,-0.133278047,0.017170275,0.044463595,-0.020250838,-0.028873794,-0.004154574,0.02564542,0.008991922,1.615606022,82.03203707,condition1_3_2_v_0
condition1,-0.010083583,-0.03796831,0.034085362,0.083789073,-0.035521242,0.033618402,0.037184876,-0.012522326,-0.005250001,-0.016429724,-0.013912239,-0.252196698,0.039816284,-0.007413939,0.013340392,0.069524893,0.012432124,0.017875415,0.377878874,-0.029367672,0.065240978,0.029854932,0.153646986,0.006288325,0.022084746,0.019912198,-0.029777893,-0.146454745,-0.340818044,0.064457841,0.092739758,-0.046922525,0.009993079,-0.010912454,0.087825603,-0.014855651,1.542790885,99.29611402,condition1_3_2_v_1
condition1,0.12240853,0.063335949,-0.036038398,0.073557475,-0.013557067,-0.028097838,0.01789758,-0.001027241,-0.003813469,0.107270362,-0.042031964,0.042309156,-0.001606347,-0.029443124,0.020768959,-0.011595781,-0.011310128,0.001976568,0.102933722,-0.017080493,-0.092635087,-0.004690605,-0.008781558,0.009178131,0.034748811,0.000392317,0.004061723,0.049094418,-0.063759461,0.065715585,0.068271313,-0.043219857,-0.017760371,-0.004976561,0.011154556,-0.007153639,1.615901402,121.1801331,condition1_3_2_iv_2
condition1,0.012912358,-0.057931401,0.021667775,0.014269839,0.011809972,-0.015099527,-0.013975979,0.019164142,-0.024002522,0.109995589,0.00111963,-0.017332993,0.010369582,-0.008370077,0.014702154,0.006308455,0.026488065,-0.006917716,0.144525742,-0.008023713,-0.061535681,0.004919851,0.03069048,0.004248753,-0.024816046,-9.44E-05,0.016153398,-0.015201575,-0.144488765,-0.019339926,0.043718288,-0.006538919,-0.013392524,0.002589843,-0.00083157,-0.007468082,1.837111709,64.97938011,condition1_3_2_iv_0
condition1,0.038811706,0.06171062,-0.018822289,0.015760061,0.016789899,-0.029506702,0.009410722,0.00329102,0.001255865,0.28560476,-0.013412105,-0.011363543,0.034793713,-0.024494282,0.006036068,-0.00303574,0.010223727,-0.015075014,0.102933761,-0.01499198,-0.106468144,-0.011547027,0.021267242,-0.018711271,0.002099118,-0.000586385,-0.001523811,0.002294851,-0.166131917,-0.000857639,0.053675509,-0.01748517,-0.029625263,-0.006418561,0.031846191,0.010492828,1.773645924,109.972409,condition1_3_2_iv_1
condition2,0.069006628,0.128911166,-0.056060399,0.030327353,0.050117494,0.020137434,-0.026801492,-0.010722615,0.014394488,-0.173183651,0.119951104,-0.004520949,-0.048550242,0.005368964,0.029595427,0.050054169,-0.010470947,-0.032853075,0.374654613,-0.156049002,-0.027647154,-0.001428021,-0.062935873,0.010466437,-0.043482622,-0.037283325,-0.002341541,0.192082216,-0.093100027,-0.17410286,0.161204347,0.033597688,-0.061953092,0.031188105,-0.015926989,0.006896963,1.279332383,116.7176471,condition2_3_1_i_2
condition2,0.100225892,0.139527003,0.099734379,0.070345245,-0.03320548,-0.01334829,-0.001718569,-0.028850738,0.024253254,-0.127191864,0.032093912,-0.025358025,0.09963655,-0.039057556,-0.016850938,0.085320435,-0.012193259,-0.003247659,0.388505071,0.038374796,-0.060562746,-0.181516406,0.027934126,0.043628408,0.005250775,0.015552008,-0.064249423,0.076661769,0.028663142,0.199297679,0.098075687,-0.113573757,-0.035908648,-0.005885046,0.049759654,0.012117381,1.316239302,123.503685,condition2_3_1_i_0
condition2,0.001509541,0.010920966,-0.033995646,-0.015644206,-0.022321803,-0.040722606,-0.023314513,-0.007836438,-0.01446794,0.134885031,0.05348942,0.015257397,0.013716342,0.012621765,0.008626684,0.008858578,0.008588633,-0.012905406,0.117166719,0.000734801,-0.05571425,0.015928913,0.04780824,0.004989777,-0.008940116,0.018170757,0.012334088,-0.042195824,-0.080254484,-0.02119462,0.046361608,-0.00678256,-0.021384599,0.001117403,-0.00283172,0.003515779,1.310754678,113.3193593,condition2_3_1_i_1
condition2,-0.05254914,0.039049179,0.019053797,0.023782779,-0.01789599,0.004424546,-0.005833543,0.013325924,-0.008505061,0.120436706,0.04079669,0.036818563,0.002578397,0.000323234,0.012394038,-0.010600812,-0.01836487,-0.025647753,0.040653279,-0.042507275,-0.076566045,0.016837723,-0.000943689,-0.034970878,-0.015182761,0.03178732,0.010733871,0.011835737,-0.086320868,0.03220192,0.014622332,0.005509693,-0.029885575,0.007571748,0.022590455,0.016511552,1.311010562,136.5955549,condition2_3_1_iv_2
condition2,0.154972634,-0.020768882,-0.002061734,-0.016749989,0.013031319,-0.01379366,0.015846376,0.000122337,0.010542419,0.073922798,-0.086835819,0.080942791,0.005479511,-0.002004393,0.016236044,0.011323048,-0.018843264,-0.005925406,0.13511945,-0.067090097,-0.057750396,0.012744396,0.015784384,-0.017522318,0.012337386,-0.001586518,-0.006870277,0.017653948,-0.107739322,0.064433142,-0.006936796,-0.033173061,-0.0199889,0.011416309,0.006194496,-0.000150191,1.30955554,101.1531156,condition2_3_1_iv_0
condition2,-0.015404923,-0.012035514,-0.041569842,0.020194052,0.002378542,0.024852076,0.012805731,0.014401494,0.030951784,0.235560218,0.040354727,0.010803143,0.009603976,-0.007035244,-0.022869072,-0.020967516,-0.017858838,-0.009169508,0.022137424,0.011966211,-0.084221434,-0.045243599,0.02774902,-0.018050622,-0.022187032,-0.055104722,0.014059026,0.038018233,-0.183203942,-0.078416414,0.047487788,-0.004035539,-0.017620617,0.005999769,0.009082409,0.020271205,1.514476929,110.4817693,condition2_3_1_iv_1
condition2,0.025126437,0.036628728,0.034786696,0.016042525,0.000973237,-0.01893066,0.010562721,-0.014528162,-0.006739643,0.057279207,-0.009411282,0.01876315,0.027646096,-0.035752974,-0.001077442,0.004436297,-0.008372005,0.00898911,0.078808913,-0.002057285,-0.061618012,-0.056351403,0.034912613,0.016930258,0.000637634,-0.00360788,0.002236922,0.044080875,-0.045419757,0.021551025,-0.013499966,-0.017893911,0.027877966,0.002351117,0.009533286,-0.017919385,1.405200427,122.7990311,condition2_3_1_v_2
condition2,-0.085016405,-0.079251958,-0.017497029,-0.062307461,-0.015540978,-0.033407964,-0.007824276,0.009596417,0.019508615,0.168300536,0.000587034,0.029577455,-0.021539928,-0.016147325,-0.016483591,-0.012356763,-0.000892821,-0.026753599,0.134790539,0.038787264,-0.061795819,-0.019279927,0.035615666,-0.00152495,-0.023671323,-0.009963027,0.009727786,0.035768605,-0.134005368,0.00638238,0.035952742,0.027937364,-0.005703855,-0.003612825,0.008501738,0.001781762,1.63478151,58.99515599,condition2_3_1_v_1
condition2,0.073421662,0.087049499,-0.036195806,-0.028109785,0.00777255,-0.020585631,0.027776018,0.008278657,0.002663953,0.148603533,-0.050392383,0.053501703,0.02372168,-0.028936714,-0.007785964,0.020459594,0.028557518,-0.024487519,0.122231051,-0.019466527,-0.149197557,-0.036591784,0.076312155,0.013014476,-0.042676748,-0.017215611,0.019028485,-0.010734851,-0.074577581,-0.010959578,0.032805668,-0.026705444,-0.006546634,0.04489293,-0.03508454,0.002369187,1.552559089,100.355955,condition2_3_1_v_0
condition2,0.017000422,0.093203796,-0.033389018,-0.005508713,0.023076842,0.023984658,-0.024333872,0.017970222,0.000719113,0.098611142,0.03021846,0.094398251,-0.002141098,-0.028970628,0.039789637,0.008656801,0.018004002,-0.001335884,0.104791522,-0.063912857,-0.13669853,0.021887102,0.07672308,-0.059581355,-0.025105907,0.020612783,0.026346399,-0.015949924,0.004302088,-0.061814031,-0.027817254,0.076749241,0.010770558,-0.058350644,0.019887309,0.021496245,1.458147199,127.7582664,condition2_3_1_ii_2
condition2,0.052434738,0.0402669,0.085783902,0.039336757,0.013722062,-0.018136088,-0.01840908,0.00812842,-0.011121054,0.012897474,-0.032819792,-0.129963054,0.049135073,-0.012725678,0.018548232,0.029461115,-0.016102974,-0.033508567,0.266689641,0.029088204,0.006731414,0.029830092,0.035069367,-0.060658762,-0.041497045,-0.035092094,0.014887025,-0.026140546,-0.149262556,0.112895202,0.144667146,0.037580258,-0.032246536,-0.009812354,0.009899765,-0.031905091,1.478863438,109.2534186,condition2_3_1_ii_1
condition2,-0.009648216,0.007333539,0.041136225,0.012187301,0.010034701,-0.023603064,0.008345667,-0.005944613,0.002557868,0.134900763,-0.020245798,0.002662595,0.020843179,-0.015926302,-0.009077337,-0.016707846,-0.011099197,-0.015853692,0.15954731,0.004827014,-0.062247435,-0.063287661,0.024937874,-0.013549574,0.001318495,0.014029598,0.019012833,0.026411088,-0.070571578,0.017706698,0.055299382,0.010292101,-0.012093537,-0.01501212,0.019504071,0.010403847,1.426313377,102.8363871,condition2_3_1_ii_0
condition2,0.129340408,-0.040228482,-0.006964221,-0.009756658,-0.004702733,-0.004269507,-0.001546468,0.01445934,-0.004907071,0.12879803,-0.052195993,0.024049325,0.004660081,-0.009066405,-0.00195024,0.014244369,-0.019364358,0.007062231,0.082118631,-0.070010299,-0.040761304,0.034327967,0.00107791,-0.015620777,-0.021317026,0.000475421,0.000827673,0.035039407,-0.095842962,0.042593376,0.031286408,-0.01786385,-0.021245098,0.018052427,-0.01102363,0.00296718,1.30693179,97.72928538,condition2_3_1_iii_0
condition2,-0.206705475,0.097319812,0.111279506,0.008846493,-0.024360066,-0.023430162,0.026407884,-0.004156466,-0.000496631,-0.02612833,-0.08045216,0.086692403,0.023881427,-0.044546645,-0.032450785,-0.002680025,0.012343964,0.003705576,0.231335888,0.258682139,-0.078499555,-0.068139588,-0.031506594,-0.010307242,-0.005836798,0.002816686,0.013041606,-0.104929608,0.038272013,0.134350618,0.087708743,-0.037197443,-0.052957256,-0.037120832,-0.017022183,0.018859971,1.376562721,123.5512236,condition2_3_1_iii_1
condition2,0.100830891,0.077791119,-0.130050959,0.044267129,0.02131819,-0.040146426,-0.014715745,-0.005827498,0.004429506,0.110749066,0.069847916,0.019910948,0.00918378,0.01503367,-0.017548589,-0.015023779,0.019092215,-0.004956938,0.120896189,-0.141712092,-0.022738794,0.042561603,-0.005255385,0.036401426,-0.036856691,-0.011694538,0.027168885,0.101550957,-0.110043516,-0.087993244,0.107347927,-0.045101833,-0.058041733,0.022899574,-0.021702329,0.000788822,1.639495703,106.0451508,condition2_3_1_iii_2
condition3,-0.015788507,0.010217467,-0.034378836,0.017339501,-0.04387477,-0.012420313,-0.000903963,-0.003088621,0.01213813,0.271761363,0.001879804,0.066919139,0.019959216,-0.012696504,0.031754195,0.020556689,0.029462497,-0.012387599,0.06505987,-0.055265272,-0.042278642,0.031106077,0.035680163,-0.006377748,-0.053210191,0.009956831,0.023172234,0.042159748,-0.118377973,-0.019386614,0.060516097,-0.014570806,-0.028859795,-0.023624422,0.004823095,0.002290413,1.654076111,113.386098,condition3_2_3_v_2
condition3,0.005578331,0.016081785,-0.018410434,0.015429544,0.018017127,-0.005116606,0.004610871,-0.001352562,0.006964652,0.283519002,-0.032657734,0.012456544,0.039134567,-0.023536945,-0.003422243,0.014044537,-0.016204013,0.007951091,0.054861086,0.010304486,-0.133642202,-0.000652543,0.021770426,-0.001332323,-0.002498958,-0.006708268,0.016590721,0.029089668,-0.179479641,-0.01684743,0.031797674,-0.026436766,-0.006525479,0.004648489,0.018534235,-0.015619203,1.518076457,86.40306932,condition3_2_3_v_1
condition3,-0.008588155,0.00363777,-0.032284767,0.031420633,-0.005333713,-0.015826534,-0.002842137,-0.002809702,-0.001686442,0.307679396,-0.046472571,0.001407304,0.020667155,0.009275027,-0.003102066,0.020570238,-0.00592545,-0.009457504,0.049922151,0.050350452,-0.072556107,0.040156937,0.030720154,-0.016826942,0.011291953,0.015310051,0.020289193,-0.043891422,-0.210431633,0.018358239,0.064777161,-0.018238454,-0.018751914,-0.014225046,0.042047533,0.009404207,1.611521215,93.06055726,condition3_2_3_v_0
condition3,0.018454435,0.059895026,0.018511405,0.015961163,-0.02274996,-0.017122006,0.015268451,-0.001049131,0.019715338,0.217396869,0.017628523,0.056394804,0.009789565,0.012977592,-0.016019294,-0.011267663,-0.0139569,-0.006003421,0.100222851,-0.039962599,-0.131169655,-0.010453665,0.020447869,-0.012131947,-0.030995394,-0.006641283,0.023245477,-0.001395845,-0.118199241,-0.00790537,0.050120891,0.022985743,-0.03429571,-0.00846284,0.006069696,0.00805292,1.612025105,106.0923932,condition3_2_2_ii_0
condition3,0.070682005,0.03626975,-0.049055042,0.033322858,0.015190118,-0.012784516,0.014770183,0.025682057,0.00453545,0.204735792,-0.022716639,0.064596921,-0.024240867,-0.018550672,-0.011709202,-0.016356393,0.005819864,-0.003376871,0.032874109,0.072955126,-0.109515118,0.077752985,0.025786244,-0.005543392,-0.012135525,-0.03058628,0.037101475,0.071885197,-0.077599366,-0.022315809,0.022267025,-0.025192665,-0.02556411,0.024964962,0.022983477,-0.009538143,1.684228257,117.9292493,condition3_2_2_ii_1
condition3,0.062509223,0.111163622,-0.026932047,-0.008154996,0.015279013,-0.036883936,-0.007559092,0.031454569,-0.009053943,0.188957034,0.018847004,0.004070966,0.019995793,0.005241091,0.019296909,0.014792777,-0.001653808,0.013016127,0.168494871,0.025243974,-0.09058685,-0.026859962,0.018773501,0.015807513,-0.004094551,-0.034730652,0.011527664,0.148196341,-0.098252241,-0.090361652,0.088918434,-0.001655141,-0.035111543,-0.005423949,-0.012844338,0.005115843,1.5641855,114.734476,condition3_2_2_ii_2
condition3,0.080016075,0.212200654,-0.04386734,0.007214178,0.016319629,-0.022577097,-0.011167483,-0.005701445,-0.033531448,0.083374334,-0.047314611,0.06710699,0.014217572,-0.060827353,-0.001523206,0.024869489,-0.001377078,-0.004292514,0.37578393,-0.029560254,-0.226808405,0.062184687,0.095671628,-0.030612,-0.059427979,0.03087494,0.035168054,0.071718356,-0.011606775,-0.020802563,0.024392321,0.057553591,0.047916053,-0.029824605,-0.016899775,0.012777353,1.670853772,89.57409181,condition3_2_3_ii_1
condition3,0.086291231,0.149498675,-0.03045334,-0.016882345,0.025304556,-0.009504259,-0.044586182,0.037536332,0.00327674,0.123782109,0.013975825,0.024047785,0.040920528,0.001729656,0.026596867,-0.00596062,0.011935001,0.003715986,0.184337321,0.013760009,-0.149398008,-0.011666844,0.055713632,0.019525898,-0.005257706,-0.023027748,-0.032514731,0.113273682,-0.067792157,-0.064088645,0.046395126,0.019073575,-0.051161408,0.011733335,0.027889706,-0.027601941,1.746016601,95.80278811,condition3_2_3_ii_0
condition3,-0.014278131,-0.038027773,0.02418354,0.015948904,-0.002312464,0.005763864,0.015796441,0.008560201,0.030639334,0.268726338,0.014658093,0.059472056,0.019549839,0.007886567,0.010450413,0.003916852,0.000426268,-0.000376595,-0.006755399,0.097688489,-0.035378747,-0.052102118,-0.015207306,0.022573636,-0.026037255,-0.009111777,0.006852237,0.082072762,-0.106631368,-0.02873079,0.034385103,0.032297902,-0.036002895,-0.036037475,0.006544335,0.017405045,1.681841047,117.677171,condition3_2_3_ii_2
condition3,0.030878015,-0.0620749,-0.0300398,0.039035964,-0.017328989,0.004857665,0.052683171,0.030264906,-0.015196108,0.192109713,-0.04777366,0.073262583,0.017038427,0.042783742,0.028246677,0.054986926,-0.016183462,-0.019895838,0.002544949,-0.082228883,-0.051326395,0.063040222,-0.006816862,-0.044990157,-0.008247976,0.020024512,-0.027492886,-0.04611488,-0.158839974,0.026436753,0.027824842,-0.052217745,-0.001656037,0.029178568,-0.003268638,-0.003616722,1.637829663,104.1592478,condition3_2_2_i_2
condition3,-0.033123148,0.002821086,0.00792832,0.019457833,0.007144672,-0.000318733,0.012132386,-0.006183136,-0.000384537,0.298118999,0.016323156,0.061189119,0.006669701,0.013314892,0.026747837,0.012809968,-0.000339842,-0.010112337,0.017852206,0.023207926,-0.077831589,0.005853548,0.008072347,-0.015571164,-0.001874354,-0.001630986,-0.010414147,0.074255928,-0.176967617,-0.096154003,0.056581421,0.017169774,-0.013769071,-0.018387797,0.005088148,0.019180556,1.792291783,92.61035057,condition3_2_2_i_0
condition3,0.020916846,0.050541068,-0.010918258,0.016506045,0.01225163,-0.003710397,0.008506924,-0.017721246,0.000297142,0.181965417,0.005664838,0.027315213,-0.012676362,-0.025379362,-0.001607836,0.028453294,0.009974231,0.007892821,0.11821146,-0.072955829,-0.108900162,0.028569944,0.03120769,-0.006106608,-0.001538976,0.022179014,0.011442734,-0.052236342,-0.08391918,0.024548937,0.045275207,-0.006715375,-0.010402677,0.019544266,-0.007128775,0.001490368,1.522254697,97.44575347,condition3_2_2_i_1
condition3,0.029720569,-0.005401088,-0.020519046,0.028299885,0.005306398,0.008835589,-0.013785088,0.010724902,0.006239784,0.272915722,0.091422669,0.072853329,0.000249156,0.005229059,-0.003954081,0.01647013,-0.003883469,-0.026935263,0.045579873,-0.026671696,-0.128983421,-0.078571887,0.031452549,0.056867436,-0.030832068,0.005850062,0.001173657,0.120481449,-0.136408045,-0.057580585,0.032296556,0.026918082,-0.013079792,0.014454944,0.007505561,-0.001196416,1.645118337,126.4523141,condition3_2_3_i_2
condition3,-0.048848919,0.029100045,0.021753423,0.011068033,-0.0052239,-0.036277743,-0.001057407,-0.003321763,-0.005917172,0.298387484,-0.024372389,0.004314524,-0.013941386,-0.021234398,-0.001305513,0.000634987,0.015732934,-0.002316603,0.079475222,-0.015592054,-0.095235981,-0.006569807,-0.006593034,0.014932296,-0.003358368,-0.003130824,-0.012381149,-0.040394897,-0.162665863,0.016849554,0.02821977,0.01357187,0.004605054,0.014664862,-0.000933108,0.010755116,1.499071806,117.6628067,condition3_2_3_i_0
condition3,-0.026021974,0.019067664,-0.012337786,0.029903862,-0.015752073,0.011980434,0.029534029,-0.003540987,-0.000852078,0.215316013,0.025506811,0.035139033,0.045269954,-0.016686979,-0.044275644,-0.011834696,-0.037309591,-0.049139172,0.027951664,-0.091464272,-0.119624417,-0.009159021,0.014664823,-0.020433406,-0.009350533,0.021275954,-0.005008516,-0.151933638,-0.168534023,0.039543232,0.059640475,-0.006830425,0.019418674,0.041700559,0.013448018,0.010880176,1.576702111,104.9851131,condition3_2_3_i_1
condition3,-0.08779146,0.106665617,0.074200381,-0.009590792,-0.051768227,-0.012533234,0.004589704,0.035761287,0.00648203,0.091466016,-0.028565186,-0.031108861,0.055991593,-0.032818493,0.01544877,0.018739006,0.00671411,0.019978368,0.205445128,0.076215587,-0.096751727,-0.085754163,0.06903166,0.015417899,0.033080008,0.03235054,-0.027897346,-0.034567324,-0.049097598,0.032354676,0.104864863,-0.01323305,-0.068893852,0.002360174,0.025968813,0.03286974,1.333991832,118.0556894,condition3_2_2_iv_1
condition3,-0.094893492,0.033686165,0.013118911,0.00634347,0.00106364,0.004052596,-0.002368509,0.019569281,-0.007054005,0.261204721,0.051207168,0.056945806,0.016149952,0.007525964,-0.036079435,0.01212583,0.001273291,-0.000781047,0.065007469,0.081512058,-0.076701107,-0.03545873,0.026615288,0.024663338,-0.034972408,0.007906283,0.004680067,0.066920851,-0.166592096,-0.041969633,0.000587058,0.030715972,-0.036253343,-0.002739221,-0.032706201,0.013068309,1.422807668,102.6963182,condition3_2_2_iv_0
condition3,-0.088254942,-0.046705459,0.01402997,0.018315714,-0.007115508,0.002710893,-0.008444546,-0.000430556,-0.028646582,0.278879846,0.013688916,0.054214037,-0.019920632,-0.005737914,-0.018719154,0.016011208,-0.00394775,-0.00223183,-0.009332446,-0.02654986,-0.084982393,-0.002980134,0.014380155,-0.004372328,-0.034409156,-0.013817515,0.019878869,0.000918816,-0.136194009,0.005949778,0.019205156,0.011918758,-0.013299877,0.030019773,0.013552949,0.004684295,1.485488028,126.6971577,condition3_2_2_iv_2
condition3,0.102805314,0.036993683,-0.041511911,0.000190858,-0.019616106,-0.025318618,0.030104731,0.027776883,0.011159799,0.26683101,-0.030965544,0.025968958,-0.010776294,0.00594564,-0.00701769,0.020587589,-0.020588722,-0.009786606,0.186779855,-0.053792267,-0.049434301,0.019216122,0.033171026,-0.007163299,-0.016712981,-0.002297984,-0.00181309,-0.046203719,-0.138954113,0.037439165,0.051669744,-0.022419326,-0.0186924,0.011412011,0.011290476,0.000899917,1.435582663,79.50103612,condition3_2_3_iv_0
condition3,0.034467727,0.033195341,0.030559674,-0.018953462,0.002898798,-0.023687243,0.016876534,-0.016350492,0.020868115,0.178754094,0.017867106,0.025654079,0.003674704,-0.031452725,-0.011962528,-0.007633651,0.016667619,-0.020115619,0.071515134,0.012157504,-0.102443961,-0.017809962,0.03675085,0.021759082,-0.021321334,-0.016153889,0.006609751,0.17498504,-0.158963923,-0.02879447,0.001202277,0.048149124,-0.003131557,-0.006183472,0.003540642,-0.008857817,1.45528798,95.85467749,condition3_2_3_iv_1
condition3,-0.001551156,0.035054857,0.023525718,0.039068337,-0.004034374,0.025319253,0.002577574,-0.004760089,-0.027755735,0.220506799,-0.002750569,0.022899805,0.009393117,-0.015898464,-0.011777325,-0.019312536,0.011032007,0.000839556,0.004287006,-0.079314784,-0.076000578,0.029248864,0.007302973,-0.012052904,0.00495842,-0.005544953,0.001054861,-0.058039934,-0.099653101,0.048752879,0.018784494,-0.035676406,0.013561318,0.048110683,0.015711991,-0.028575694,1.608825444,113.0796661,condition3_2_3_iv_2
condition3,0.059639749,0.177111948,0.011661839,-0.000705005,0.022709714,-0.038478472,0.012371453,-0.021018111,0.022843998,-0.040724603,-0.03452094,0.044721166,0.036876854,-0.045329623,-0.016874783,0.017731068,0.005123794,-0.021887878,0.326038365,0.022905819,-0.207896225,-0.074336952,0.061998132,0.064987091,-0.018855979,-0.015522652,0.008888511,0.04827455,0.06010029,0.037012257,0.007897355,-0.059601283,0.002923579,0.047216715,5.43E-05,-0.015788071,1.467725984,120.8390454,condition3_2_3_iii_2
condition3,-0.002217684,-0.020315222,-0.07848987,0.008279617,0.009959793,-0.019718791,-0.014496293,0.037790841,-0.00662845,0.289518425,0.021794169,0.015968067,0.032583403,0.01067291,0.018121555,-0.007694736,0.017161548,-0.002957154,0.038527811,-0.016258684,-0.132404837,0.022073501,0.003751073,-0.006015753,-0.059455055,0.011727737,-0.005211739,-0.062107651,-0.265017744,0.005733366,0.021923784,-0.040715069,-0.050259775,-0.010218658,-0.010916477,-0.018542983,1.603424314,99.29585324,condition3_2_3_iii_1
condition3,-0.00639568,0.00695925,-0.000212086,-0.020290987,0.02004117,-0.033612537,0.008681105,0.005122237,0.007474859,0.125434414,0.016619149,-0.018327216,-0.010117987,-0.020320714,-0.003764129,0.015791117,0.012985534,0.012280164,0.054273057,0.042937994,-0.06937033,-0.022565406,0.047381652,-0.003305353,-0.009956248,-0.000333976,0.003893602,0.029849931,-0.10823116,-0.019622712,0.051611301,0.014352283,-0.017861027,-0.006463159,-0.010113961,0.011064252,1.352279411,91.69350567,condition3_2_3_iii_0
condition3,0.137699305,0.107699411,-0.048671407,0.022283478,-0.017209085,-0.018016564,0.038791226,-0.029674015,-0.002339529,0.113196072,0.126294178,0.016816292,-0.019361775,0.009278368,-0.036267437,0.020971477,0.050077238,-0.009905057,0.111658343,-0.173821865,-0.128213599,0.048858373,0.036363994,0.049331499,-0.057176523,0.020770011,0.033039327,0.058787848,-0.081745687,0.01903725,0.102705861,-0.07198501,0.009664222,0.028029635,-0.039539292,-0.01887987,1.560184547,111.7174011,condition3_2_2_iii_2
condition3,0.023189036,0.007843802,-0.019007037,0.013029239,0.002780773,-0.012472172,0.013744975,0.02151302,-0.016914422,0.234120781,-0.035985003,0.002496329,0.027078036,-0.023744666,0.016288577,0.009471432,-0.007995637,-0.001947239,0.07080252,-0.043818673,-0.096913324,-0.002569369,0.005584067,-0.019165047,-0.013003629,-0.009209216,0.015657353,-0.078063871,-0.144048436,0.012516507,0.054050159,-0.031164958,-0.014161164,0.026057817,-0.000138804,0.008862932,1.418876833,105.9401635,condition3_2_2_iii_0
condition3,-0.057899467,0.033754085,0.007154151,0.026161753,-0.038026492,0.015597097,0.010349671,-0.017228443,0.018896593,0.234764283,0.029660522,0.13119741,0.02327646,-0.031226184,0.015860853,-0.010260415,0.043554691,-0.000868714,0.063565784,0.078075964,-0.101821747,-0.026573691,0.027018571,0.047941777,-0.015951034,-0.031427761,0.014099243,0.05715577,-0.084467438,-0.06758707,-0.023847494,0.022993428,0.043662673,-0.017949873,-0.022879141,0.003042095,1.805418685,110.3052062,condition3_2_2_iii_1
condition3,0.059469514,0.082109495,0.008688843,0.021563788,-0.021250409,-0.019373979,-0.014171095,0.029690068,0.002518625,0.152461597,-0.02934948,0.051092914,-0.011770328,-0.004578793,0.013119668,0.007305975,-0.007023443,-0.030973953,0.071350325,-0.057573746,-0.106589655,0.006206671,0.008660799,-0.019835932,-0.033324756,0.015591026,-0.00897935,-0.03822916,-0.082564458,0.047234323,-0.007036987,-0.001267654,0.016770703,0.022325417,-0.012272928,-0.006312486,1.638947475,115.3516197,condition3_2_2_v_2
condition3,0.023475049,0.037289511,-0.019145142,0.035507302,0.005858673,0.014814784,-0.007120762,0.037175442,0.00012464,0.33816929,0.001426995,0.05120877,0.013040071,0.008852277,0.014441679,0.014572439,0.014416739,0.006251299,0.114426019,0.02730747,-0.122263077,0.008294548,0.000635448,0.001592295,-0.007688645,-0.015890634,-0.011787251,0.013328855,-0.265900655,-0.018750343,0.029410311,-0.018350953,-0.071562013,-0.001353708,0.021399234,0.005358016,1.76911907,99.75850939,condition3_2_2_v_1
condition3,-0.076186074,-0.02169174,0.001522049,-0.002239089,0.01898447,-0.016185849,0.010528709,0.003133454,0.009673595,0.179197633,0.012912245,0.013279649,0.000343638,-0.034056874,-0.014214032,-0.006240669,0.008538017,-0.010802317,0.130852408,0.049184848,-0.058155997,-0.038863681,0.015593114,-0.007169541,-0.007148286,0.010266998,0.001774208,0.038818126,-0.079513783,-0.016482979,0.059805296,0.010913845,-0.022123921,-0.013452531,0.002837736,0.007120249,1.550695049,65.74914061,condition3_2_2_v_0
condition4,0.151230151,-0.001162394,0.003337368,-0.021319798,0.013877105,-0.018171113,0.011863706,-0.007988363,0.011507664,0.052547225,-0.054447827,-0.003904877,0.020439451,-0.030189521,0.046970443,-0.008074766,0.01934427,-0.016616254,0.071055746,-0.04385536,-0.030256323,0.047391411,0.035201453,-0.030735407,0.001551698,-0.000274493,-0.009996761,0.030197701,-0.043682077,0.054230342,0.030408359,-0.027478726,-0.019854349,0.003804882,0.002099275,-0.008111339,1.136501839,87.21477009,condition4_1_3_iv_0
condition4,0.089096225,0.11723066,0.056368966,0.039389012,0.005549934,-0.009656143,-0.007963511,0.008893814,-0.043295587,0.037382345,-0.081418055,-0.024993465,0.090472923,-0.028025736,0.020950799,-0.021584912,0.002660054,-0.005830411,0.248204748,0.04984995,-0.128050811,-0.139716768,0.039377146,0.017591599,0.029089553,0.0020525,0.02919654,0.06311265,0.025271772,0.093669326,0.088415217,-0.04491789,-0.057603652,0.031411372,0.025382895,0.006716168,1.308183138,99.08927453,condition4_1_3_iv_1
condition4,0.056689861,0.015026977,0.00736165,0.021824516,-0.011094449,-0.007323705,0.002356239,0.010545026,-0.014922516,0.035465798,0.061057795,0.041745966,-0.040750787,0.006493647,-0.012412912,-0.004730735,-0.008603617,-0.006163197,-0.010102718,-0.072668466,-0.025998265,0.030349395,0.010435893,-0.003717503,0.001296918,-0.034208698,0.002884124,-0.019280395,0.004334778,0.0776354,0.014132895,-0.031558338,-0.02718959,0.008937196,0.008063293,0.01323432,1.067940707,133.305433,condition4_1_3_iv_2
condition4,0.015798819,-0.084621484,-0.013561096,0.043773333,-0.035011525,-0.01189911,-0.01434517,0.005535497,0.018716954,-0.040460631,-0.108717244,0.043427265,0.030449521,-0.021625008,0.069459548,-0.050960402,-0.001103567,0.015674076,0.056181496,0.130168874,-0.008143093,-0.050913447,-0.066943414,-0.057316937,0.049327063,0.005438213,0.016828288,0.085979534,-0.007011488,0.019836345,0.069152058,0.008530918,-0.031522571,-0.025144299,-0.004126586,-0.021979669,0.948156062,117.7382578,condition4_2_1_iv_0
condition4,-0.004139264,0.043359472,0.02963816,0.027561833,-0.025817677,-0.014551215,-0.010996519,-0.027155381,0.004152702,0.081449999,-0.007168056,0.034594446,-0.030525913,0.010144147,-0.025553525,0.017426899,-0.004856234,0.022483877,0.021447892,0.005556893,-0.034986153,-0.038994036,0.003292049,0.01143153,-0.006414313,0.00044075,0.016683627,0.063508235,-0.071479782,-0.02275661,0.010633258,0.04191242,0.014890871,-0.035830995,-0.020698217,0.014831661,1.143959843,77.66739792,condition4_2_1_iv_1
condition4,0.133100023,0.074284098,-0.083892731,0.008001739,0.019304559,-0.027440634,0.007105689,0.048901145,0.001473012,0.026962445,0.061987836,-0.035549481,0.012897624,0.000863808,0.016010325,0.006208537,0.014050303,0.0057688,0.114580722,-0.121119507,-0.04987786,0.036970797,0.010151712,-0.001497463,-0.020177905,-0.016232245,0.00790527,0.055900935,-0.022189024,-0.015592876,0.089053646,-0.0221369,-0.038954258,0.021173851,-0.001353771,-0.006843482,1.269326365,99.78228375,condition4_2_1_iv_2
condition4,0.28440534,0.137670953,-0.106803688,0.011969924,0.040293554,0.006600888,-0.008667139,0.021505378,0.023902884,-0.20415213,0.206966266,-0.003338721,-0.014104423,0.091601058,0.046876299,-0.039547352,-0.023606082,0.053565822,0.190790802,-0.156706273,0.240007641,-0.123909227,-0.065986308,0.02514767,-0.024247866,0.025402279,-0.025945393,0.508154993,0.0040182,-0.059093287,0.01721687,-0.021852704,0.050982817,-0.061191862,-0.009133985,0.003732961,1.224147652,100.2420665,condition4_1_3_v_2
condition4,0.18705819,0.083537778,-0.049852796,0.002750374,0.083297756,0.044674698,0.008198005,-0.010580341,0.039155572,-0.121038039,0.211843871,-0.047306682,-0.142287966,-0.004946845,-0.026427549,-0.037910705,0.001385112,0.046019511,0.29573644,-0.055460595,0.100306891,-0.09780489,-0.008038323,0.110531845,-0.014610527,0.008630013,-0.030608916,0.461986727,-0.139207354,-0.208629543,0.103659888,0.0085782,0.054892578,0.048852674,-0.013514304,0.029951262,1.339250286,87.66262772,condition4_1_3_v_1
condition4,0.032706411,0.063164201,-0.045317568,0.026550269,0.036963695,-0.030927106,-0.001437826,0.028158796,-0.02835233,-0.321287892,0.033407468,0.056489006,-0.064185024,0.056863971,0.008738585,-0.00390123,-0.013806992,0.041802974,0.461109165,-0.092191695,-0.150250555,0.012370385,0.005888068,-0.010306036,0.038388241,0.005157564,-0.021649226,-0.035040747,0.210383932,0.038354611,-0.137336052,-0.034311847,0.010223632,0.013588528,0.016591096,0.005024285,1.120991371,82.43061152,condition4_1_3_v_0
condition4,-0.037351774,0.021776443,-0.051819491,0.050669082,-0.010532521,0.027106512,0.042457674,-0.011256436,0.037756435,0.056316562,0.003610199,0.038891759,0.05581652,-0.004145793,-0.050694237,-0.027978377,0.001927524,0.00711852,0.05547966,0.038372848,-0.078541782,-0.061214441,-0.016792086,-0.00721678,0.018230248,-0.013276435,-0.033930725,-0.034368879,-0.015198449,-0.061358666,0.049657288,-0.025893594,-0.005195761,0.004532291,-0.00895996,0.063317026,1.387671644,112.9097401,condition4_2_1_i_2
condition4,-0.030375968,0.022367649,0.006799079,0.049258938,0.03475352,-0.048836343,-0.030323349,-0.022447175,-3.26E-05,0.24168873,-0.020486721,0.016904088,-0.003511382,-1.01E-05,-0.012657515,0.014870789,0.003341039,0.006292845,0.058105893,-0.031151554,-0.090203159,0.008889385,0.027066061,0.00029856,0.017486384,-0.007887507,0.026873315,-0.04648988,-0.120782225,-0.001332491,0.081301021,0.028718096,-0.004551449,0.024518074,-0.014526877,-0.0224469,1.513182855,99.28792879,condition4_2_1_i_1
condition4,0.042765635,0.009366738,-0.01716549,0.019611555,-0.031201385,-0.001804103,-0.012082822,0.008879394,-0.017888948,0.043897023,0.014390642,-0.007707877,-0.000232245,-0.00720999,-0.003644439,0.000356094,0.022080816,-0.018836649,0.059032951,-0.041308128,-0.059596217,0.030838657,0.012450507,0.018203013,-0.02580631,0.00424223,0.015057758,0.039547232,-0.049805425,0.027290132,0.032434447,0.002515567,-0.01329721,-0.005195522,0.00089803,-0.010391315,1.075319461,97.54594357,condition4_2_1_i_0
condition4,-0.059040227,0.069739778,0.036718462,-0.01985825,-0.005568731,0.02223548,0.017423229,0.018054373,-0.00039524,-0.007539258,0.017976558,0.102449711,-0.00990387,-0.029640895,0.027296357,0.009922883,0.025227294,0.009212024,0.058440987,-0.068118612,-0.101430666,0.000819064,0.019063526,-0.020093487,-0.034228483,-0.010415778,0.020463196,-0.109334767,0.038199018,0.047348628,-0.039859411,-0.006931109,0.039153488,-0.02367772,-0.030146275,-0.008029384,1.19166552,130.2495939,condition4_1_3_ii_1
condition4,0.127901222,-0.077749668,0.049962927,-0.01913643,0.01828844,-0.04885885,0.022624931,-0.015184612,0.005944364,0.021521316,-0.032761964,0.040971357,0.004209142,-0.007685241,0.017864801,-0.017373861,0.003763517,0.013404801,0.053553127,-0.072329701,0.04285155,-0.003093306,-0.024144306,-0.013605632,0.011438567,-0.012271799,0.00159346,0.057574145,-0.031259798,0.053847012,-0.039449397,-0.023679336,0.011724678,0.01489708,-0.007158467,0.001358556,1.205054389,101.5150317,condition4_1_3_ii_0
condition4,-0.029385061,0.037933462,0.011361457,0.000481931,-0.004918296,-0.036276078,0.000693239,0.000446321,0.005098949,0.253391535,0.031967414,0.043426557,-0.001726353,-0.007623655,0.00367637,0.041759,0.011722276,0.00464502,0.017773208,-0.043704476,-0.100151168,-0.003754379,0.044131709,0.019607635,-0.001576562,-0.003079125,-0.021455302,0.013196696,-0.086693103,0.020841005,0.0369732,-0.022968515,-0.021515621,0.000775828,-0.016680099,-0.016878438,1.47142014,107.2186128,condition4_1_3_ii_2
condition4,0.048751342,0.002398569,0.002896734,0.003016016,-0.004480744,0.010061769,-0.004725527,-0.013933512,0.010198744,-0.000393763,-0.000175606,-0.005241777,-0.018913587,0.006257028,-0.005024598,0.004587359,0.025049323,0.001881422,0.08770878,0.031902338,0.000109698,-0.022827718,0.013734363,0.04641187,-0.019913684,0.002762015,-0.004879267,0.059703839,-0.028933134,-0.026959206,0.013206453,0.029942031,0.001148512,-0.018682661,0.019118781,0.009066483,1.110390389,109.9433098,condition4_1_3_iii_1
condition4,0.213914708,0.076580212,-0.109680479,0.075998246,0.010879018,-0.046796753,0.013761175,-0.010999298,-0.037481795,0.047780973,0.082346314,-0.004857516,-0.018280595,0.015402373,-0.050791821,0.014012853,-0.020207069,-0.022114322,0.127815689,-0.108907671,-0.032496551,0.003308953,-0.001603611,0.016701914,-0.016482161,0.029355026,-0.011681948,0.08544566,-0.036491764,-0.032253235,0.055654163,-0.038260031,0.035509477,0.04029872,-0.019134028,0.004102854,1.392967889,98.79009152,condition4_1_3_iii_0
condition4,0.038612232,0.136118108,-0.043526204,-0.057555687,0.025020826,-0.063596876,-0.015387912,-0.025182055,0.009160977,-0.326854244,0.004567584,0.042725112,-0.034296844,-0.055980072,0.053072536,0.026448895,-0.010877524,0.006530427,0.517902947,0.026990483,-0.157783591,-0.0808009,0.062311135,0.04495963,0.00470659,0.020550711,-0.019175913,-0.096507398,0.178342793,0.154317591,-0.018765049,-0.073459175,-0.045533431,-0.009096354,-0.032239771,-0.002289991,1.085490263,111.5675349,condition4_1_3_iii_2
condition4,0.223134398,0.193195162,-0.135482676,0.03141561,0.061981094,0.017330852,0.003133013,-0.044030096,0.052832257,-0.056077661,0.034220172,0.050128022,-0.034941736,-0.072605524,0.029407471,-0.045928706,0.014056501,0.03637169,0.198248426,-0.165688543,-0.069537965,0.040618942,-0.002152532,0.012354474,0.057038074,-0.025640247,0.049791815,0.210473823,0.016447193,-0.200192882,0.196905329,0.063718301,-0.065216803,0.04489886,-0.004102827,0.01874555,1.353237656,86.59642362,condition4_2_1_ii_1
condition4,-0.045840525,0.007501916,0.001319682,-0.017162522,-0.001351525,-0.010234331,-0.023137943,0.010671096,-0.006787421,0.131152081,0.029890406,0.02203944,0.030913866,-0.014748447,-0.003250998,-0.001059793,0.012864119,0.005855273,0.012947933,0.030171181,-0.048722915,-0.009383349,0.033759304,0.021751183,0.001698536,-0.008989686,0.001966907,0.033726578,-0.037442251,-0.018761804,0.0374874,-0.001823746,-0.008809608,0.000409787,-0.001210488,0.002110954,1.136093851,109.5721391,condition4_2_1_ii_0
condition4,-0.071909088,0.109658861,0.099070403,0.039105657,-0.115961985,-0.013987877,0.024016255,0.005720639,0.025831381,-0.118649173,-0.099252388,0.01359201,0.045076175,0.01197221,-0.004771896,-0.031291878,-0.01689394,-0.001677718,0.228343852,0.143705751,0.047115295,-0.005107784,-0.031033649,-0.030507768,-0.012949453,0.00105427,-0.008501735,-0.203080664,0.0211253,0.16319012,0.134430307,-0.037136416,-0.019904878,-0.052279006,-0.026879517,-0.01693602,1.214971976,115.5337882,condition4_2_1_ii_2
condition4,0.069869453,0.027760935,-0.011339965,-0.040227154,0.021545301,-0.01952299,-0.018181898,0.019892902,-0.003401314,0.201058222,0.054425712,0.069971526,-0.045999432,0.01636037,0.001993958,0.037422674,-0.024014377,0.00781186,0.082667281,-0.005189342,-0.088667653,-0.002148911,0.029684572,0.009415001,-0.025975274,0.023363944,-0.016733925,0.144569206,-0.140862575,-0.051399469,0.012939668,0.047761975,-0.038531523,-0.026666975,-0.000610202,0.010879649,1.4194129,112.854045,condition4_1_3_i_2
condition4,-0.032189145,-0.050078239,-0.014199232,-0.018910332,-0.011563935,0.005109253,-0.034717189,-0.016956055,-0.004371812,-0.012356678,0.043279051,-0.01026538,0.032873232,-0.021314599,-0.012775795,-0.010559726,-0.023374788,-0.007029305,0.011724589,0.053405875,0.057029729,-0.034148595,-0.020194865,0.013617962,0.020473257,-0.00374564,0.00440867,0.046729568,0.007460405,-0.01687869,-0.048951886,0.018529393,0.009078583,0.007236751,-0.001109123,-0.008024575,1.099930268,102.5936398,condition4_1_3_i_0
condition4,0.186489201,0.056412685,-0.052945188,0.011700397,-0.030676345,0.006070879,-0.002679523,-0.034192633,0.001343765,-0.087751432,0.010864608,0.140752287,-0.032459167,-0.043549428,0.032692638,0.009214953,-0.003493725,-0.017946354,0.085589288,-0.023500777,-0.117190817,0.1217853,-0.008071495,-0.040031774,-0.009033075,-0.001314379,-0.006090585,0.104078194,0.019317113,-0.043317964,0.022960551,0.019751756,-0.011104443,-0.062241186,0.003541589,-0.000879178,1.120594986,130.7444321,condition4_1_3_i_1
condition4,0.013272115,-0.016284314,0.051303917,-0.011288267,0.02170965,-0.008401012,-0.002048515,0.003042057,-0.006913982,0.047920408,0.036378085,0.040617426,0.020136781,-0.020018258,-0.021536679,0.017792828,0.022029417,9.49E-05,0.046301404,-0.027954334,-0.040059634,-0.027289479,0.045370063,0.009631925,-0.01333915,-0.007878404,0.004249427,-0.002234962,-0.086367847,0.015062383,0.015987993,0.0131452,0.012852635,0.014670305,-0.010105505,-0.018816887,1.300399556,98.43306514,condition4_2_1_v_2
condition4,0.081001254,0.174571423,-0.060868925,0.02729285,0.028395362,-0.041854569,0.005321301,0.055927129,0.012913098,-0.057321512,0.097620186,-0.038278276,0.045613737,0.054773012,0.024138405,0.01219234,-0.00721646,-0.003718944,0.321334455,-0.149785347,-0.063795946,-0.051111328,-0.063891483,0.046584696,0.002404214,-0.031242795,0.023617122,0.063176023,-0.083518435,-0.074974596,0.184842368,-0.079051205,-0.117117299,0.0166023,0.019245105,0.016093812,1.617803509,82.77822567,condition4_2_1_v_1
condition4,0.014605525,-0.000336703,-0.027662894,-0.010944326,0.002562415,-0.003171831,0.001184925,0.005413867,0.00256466,0.047474683,-0.024409032,-0.001640944,-0.023760072,0.008724453,-0.009210252,0.01379024,0.001220676,0.009978759,0.054714103,-0.0060994,-0.027211691,-0.004989585,0.024897225,0.015964253,-0.016769028,0.001151188,-0.012142014,0.017182967,-0.023198733,-0.00883409,0.017249378,-0.000334456,-0.016750652,-0.004497101,0.027123289,0.000499018,1.091473563,107.8302531,condition4_2_1_iii_1
condition4,-0.012838876,-0.168376592,-0.055428695,-0.006487041,0.052952118,0.124743485,0.027364158,0.061504851,-0.033353861,-0.149729301,-0.104246856,-0.195570238,0.003656775,-0.148515952,-0.028561882,0.018071091,-0.010251795,-0.003120092,0.268838265,0.016099127,-0.021087571,0.028935397,0.174442481,-0.039981796,-0.009395202,-0.011192378,0.076310858,-0.060568682,-0.336628557,-0.08051477,-0.064373517,0.017717467,-0.033976107,-0.022814642,-0.023312768,-0.028188936,1.217069832,106.5906418,condition4_2_1_iii_0
condition4,0.105808312,0.118656324,-0.032627417,0.013407579,0.027376729,0.04444368,0.018547366,0.001457262,-0.016879206,-0.286266777,0.034454849,0.093325461,0.020885591,-0.013411206,-0.009083425,0.028729358,-0.028199675,-0.015717281,0.363411968,-0.117465209,-0.054205708,0.072486612,-0.069236364,-0.016302169,0.012866517,0.005818805,0.009091282,0.273808655,0.157587187,-0.189558725,0.077443317,0.09800052,-0.028881704,0.001635829,-0.023222154,0.003553805,1.122098133,117.4899596,condition4_2_1_iii_2
condition5,-0.063568405,0.01894273,-0.07010598,0.046949255,0.036134948,-0.057717858,0.008807649,-0.011796245,-0.014705616,0.327579135,0.097349295,0.023349145,-0.015746385,-0.008575597,0.020789954,-0.017816903,0.022370399,0.006122453,0.109402914,0.016219975,-0.095837272,-0.006171348,0.04506309,0.052114696,0.008305087,0.00641553,0.021149657,0.01539413,-0.233704542,-0.049367723,0.078386729,-0.040386859,-0.020955661,-0.004316143,0.014298747,0.00628425,2.15541623,63.27564297,condition5_1_2_v_2
condition5,0.023643871,0.076108842,-0.008324354,-0.024971359,0.036766426,-0.049829686,0.005565495,-0.01622429,0.011781451,0.212933586,0.060709162,0.030534255,0.015370755,-0.059581636,0.020316219,0.047643117,-0.047353091,-0.01040946,0.018886422,-0.025075503,-0.12320117,0.046784001,0.056694585,-0.033079074,-0.012266213,-0.011563364,-0.008591815,0.087663102,-0.090456707,0.016027615,0.073142629,-0.014005991,-0.021421724,-0.035534338,0.024143133,0.040681925,1.579975749,74.20821204,condition5_1_2_v_1
condition5,-0.006539761,0.06590847,0.011937309,0.023394435,0.039288368,0.015796325,-0.031886067,0.014001956,0.000459316,-0.01505326,0.054292977,0.022560592,0.050262618,-0.020163186,0.021010529,-0.015557725,-0.005153234,-0.037073323,0.059267168,-0.008589135,-0.042934159,-0.014135249,-0.000777487,-0.015822271,-0.001743282,0.013614835,0.004283045,0.028574269,0.037549041,-0.040318329,0.038228725,0.027670424,-0.016504757,-0.006074602,-0.012110358,0.021334715,1.226933331,107.8279134,condition5_1_2_iv_2
condition5,0.103679552,0.141875883,0.035013749,-0.067398406,0.056127098,0.005361145,0.003954481,-0.012388576,0.015830555,0.05714369,0.020669063,0.047169917,0.032176242,-0.035936866,0.000198106,0.000141505,0.019581157,-0.031946778,0.108509809,-0.021048083,-0.136662458,0.008369469,0.075093843,-0.04566056,-0.034051397,0.013666871,0.001670175,0.061939189,-0.001274283,-0.053896859,0.006121571,0.040422464,0.011795634,-0.049107183,-0.006568447,0.014787704,1.490921582,89.80245056,condition5_1_2_iv_1
condition5,-0.022983944,0.053999736,0.039980291,0.010944154,-0.023803013,-0.006470632,-0.011751655,0.010119733,-0.007477877,0.035992314,0.019645705,-0.016117196,-0.009430361,0.004464967,-2.79E-05,0.007727664,0.008762958,-0.016667675,0.064809532,-0.037041294,-0.058481171,-0.014868647,0.020204722,0.00117175,-0.023562953,0.019466793,0.01715329,-0.041920404,-0.022651382,-0.00354399,0.049372056,0.014033791,-0.022568576,-0.003034372,-0.0048928,0.005733473,1.104029706,78.10074245,condition5_1_2_iv_0
condition5,0.032538138,0.00132573,-7.65E-05,-0.005127299,0.016638778,-0.031326605,0.025390123,0.008222112,-0.001345035,0.022118299,0.022859275,-0.028412928,-0.034006056,-0.027125114,0.031230888,-0.045713592,0.004269252,-0.00860739,0.042258377,-0.070492978,-0.004913215,0.051890457,-0.022441109,-0.000827907,0.021917522,-0.005143017,0.002739916,-0.010592279,-0.025465714,0.016548623,0.034549797,-0.026967014,-0.010651156,0.024902888,0.005926594,-0.001960653,1.144623324,99.31455639,condition5_1_1_ii_1
condition5,-0.023892937,-0.044992805,-0.01714247,-0.00552189,-0.007852724,0.011260339,-0.003362426,0.021762957,0.00324508,0.038990097,0.044868281,-0.013656689,-0.002861578,-0.031313678,-0.017275123,-0.030995037,-0.008997634,-0.00236579,0.004905099,0.059335674,0.041459813,-0.04579688,-0.017310488,0.00788959,0.002262138,0.001846265,0.002666997,0.075431991,0.007489619,-0.063095444,-0.036279058,0.04876042,0.010501386,-0.007257258,-0.00142652,-0.010253368,1.102954705,74.89616417,condition5_1_1_ii_0
condition5,0.098508072,0.114467951,-0.078672947,0.036552436,0.047382604,-0.003120022,-0.017302112,-0.002472233,-0.000257435,0.047813683,0.031184527,0.01193489,-0.01520412,-0.003074274,0.008134076,-0.010487018,0.005516004,0.00736254,0.14393632,-0.024458041,-0.051559664,0.029404025,-0.038553996,0.006944748,0.035526376,-0.02392023,-0.00715501,0.119719514,-0.014221266,-0.074861792,0.056461028,0.059268195,-0.03069818,-0.010614452,0.03522887,-0.03723765,1.484603421,93.39764724,condition5_1_1_ii_2
condition5,0.075904064,0.016995113,-0.024149125,0.018345788,0.04481957,-0.029411561,-0.015822154,-0.010696295,-0.018946835,0.17236813,-0.020856208,-0.019572033,-0.015390255,0.006544023,-0.040989339,0.007228661,0.006583349,-0.017547406,0.066612162,-0.014188372,-0.05833401,-0.049029071,0.040540178,0.023927105,-0.023722887,0.013114029,0.008151452,0.082903758,-0.089448439,0.038065194,0.0196917,-0.011513805,-0.021379302,0.025626047,0.029086816,0.012094295,1.514407333,89.13968436,condition5_1_1_v_2
condition5,0.136956169,0.089585142,0.00087735,0.036939303,-0.016152147,-0.002391554,0.012387491,0.015536975,0.013926988,0.387974276,-0.043009682,0.112106347,-0.035208139,-0.020289532,-0.020760362,0.027731343,-0.018755676,-0.000296146,0.101410453,-0.022784216,-0.055972561,-0.009888796,-0.013884335,-0.010785955,0.002432772,0.010744352,-0.008541371,0.012570151,-0.243785434,0.050493157,0.061625367,0.014462888,-0.04572243,-0.006642204,0.020067351,0.008678315,2.008454065,56.40632734,condition5_1_1_v_1
condition5,-0.059285679,-0.006635286,0.058479704,0.050774725,0.020387108,0.020080903,-0.016866153,-0.003642794,-0.004340862,0.045718643,0.073871175,0.059738916,-0.004374377,0.008625512,-0.040451842,-0.027048705,-0.008279732,-0.002553944,-0.001103809,-0.043845241,-0.076520962,-0.04210683,-0.015611495,0.002314121,-0.016607083,7.62E-05,8.56E-05,-0.02878641,-0.054224241,-0.013099752,0.04324961,0.041231229,0.018589274,0.012630229,0.005166063,0.001282408,1.034514566,113.1859457,condition5_1_1_v_0
condition5,0.062849551,0.03923508,-0.030424118,-0.008399205,-0.006521552,0.02633886,0.006825578,0.007446915,0.02172072,0.101836534,0.030972046,-0.008824047,0.015484449,-0.047629346,-0.012675938,0.030129688,-0.01135421,-0.001418201,0.096368481,-0.060803176,-0.102722444,0.024521258,0.042962183,-0.012937641,-0.023798691,0.001441728,-0.011966387,0.019795301,-0.077522097,-0.002823263,0.042253792,0.01797532,0.003153483,0.000528319,-0.005115549,-0.009482263,1.389421376,114.55671,condition5_1_2_i_2
condition5,-0.072683584,0.04221003,0.046829642,-0.021860685,-0.012285703,0.050565435,0.000709359,-0.016120852,-0.02321429,-0.086305715,-0.064872053,0.076617831,0.05578032,0.005750808,-0.006215214,-0.007228202,-0.026628347,0.005357393,0.199495735,0.095944421,-0.058766274,-0.154284681,-0.057899841,0.02382938,0.031629136,-0.004385097,-0.008645924,0.041689979,0.080016833,0.067569394,-0.019734261,-0.044903507,-0.007548123,0.015590353,0.021629406,0.017201796,1.080009067,126.353118,condition5_1_2_i_1
condition5,0.026565906,-0.044519977,0.027405031,-0.024859498,-0.00919724,-0.012748977,-0.010655648,-0.018480833,-0.007232458,-0.028824152,-0.001569079,-0.015657369,-0.007592173,0.025649746,-0.002008171,0.010195874,0.013802315,-0.005651274,-0.094821676,-0.038951699,0.038461425,-0.016029927,-0.002381146,-0.001077832,-0.020785791,0.011537328,0.015992508,-0.066888912,0.076565133,0.023694602,-0.03101889,0.005480438,0.000928414,0.01016542,0.012326309,-0.00432247,0.974483773,114.4092115,condition5_1_2_i_0
condition5,-0.028182092,-0.009700685,0.00941913,0.034417275,0.041648247,-0.003977204,-0.0009665,-0.001131563,-0.010025706,0.06431479,-0.003945509,0.018217554,0.025369586,-0.017775528,-0.026043983,-0.028809668,-0.013760216,-0.000852995,-0.000593516,-0.008078636,-0.039510731,-0.042392041,0.000205298,0.024521659,0.001703193,0.025278996,-0.008313103,0.029788157,-0.053244178,-0.012080676,0.028372735,-0.013578027,-0.006261032,0.00878952,0.006341481,-0.007803011,1.103265567,108.8870508,condition5_1_1_iii_2
condition5,-0.032168624,0.066266233,0.028218382,-0.004079213,-0.015544726,-0.002554058,-0.006544012,0.013382613,-0.021255503,0.053590674,-0.018194124,-0.01997613,-0.035586859,0.002403445,-0.003626322,0.013386482,-0.012007892,-0.011773647,0.046291496,-0.028363196,-0.062534509,0.007621443,0.027881252,-0.010812551,-0.01403269,0.017990532,0.011210428,-0.086793826,-0.005470453,0.054953203,0.051835871,0.016907148,-0.031368011,-0.006820145,-0.013280453,-0.012016053,1.134329169,77.16460115,condition5_1_1_iii_0
condition5,0.057995841,0.003302938,0.014353553,0.016024169,-0.013809706,-0.027617183,-0.020680582,-0.005515851,-0.022344735,0.149753884,-0.000312465,0.013371004,0.02613275,-0.07097194,-0.00477031,-0.015291159,0.009078628,0.009348539,0.023204647,-0.063371442,-0.085646595,0.011732622,0.008269755,0.007821074,0.000644183,0.022503784,0.012411645,-0.016128392,-0.081478675,0.083831508,0.029346268,-0.009453385,0.021551805,0.01900579,-0.020195652,-0.022598238,1.357790608,95.62759658,condition5_1_1_iii_1
condition5,0.085356676,0.018356295,0.007041439,0.023366074,-0.009203748,0.000686634,-0.019155254,0.005106729,0.033522243,0.104622174,-0.015945155,-0.056096828,0.013120357,-0.006168279,-0.014864939,0.010987146,0.011238782,0.012194221,0.006253172,0.059180929,-0.073600713,-0.024787159,0.078904256,0.004494926,-0.034634786,0.000291226,0.020189341,0.028090865,-0.016069139,-0.029287327,0.060572145,0.055504871,0.013050395,-0.030816088,-0.028550871,-0.008345856,1.310827862,102.1918842,condition5_1_2_ii_2
condition5,0.024126916,0.028963311,-0.007400278,0.014395754,-0.00496039,-0.011990926,0.005598554,0.019101084,-0.014685342,0.043672771,-0.011706649,0.018009422,0.010154138,-0.005520045,0.020481515,0.000198958,0.011228559,0.003413289,0.024513623,-0.002068619,-0.075115604,-0.01724429,0.026170846,0.002622507,-0.002307055,0.005786106,-0.018901618,0.023762537,-0.050460229,0.011380692,0.036329988,-0.000706426,-0.046759521,0.008109217,0.015288477,0.01209523,1.133164908,84.67864081,condition5_1_2_ii_0
condition5,0.030459414,0.030492173,-0.03140824,0.050588745,0.016159016,0.008800574,-0.033259468,-0.010425208,-0.011539653,0.048873699,0.018043157,-0.002478124,0.030743279,-0.017325557,-0.002655467,-0.00015584,-0.023965428,0.016933252,-0.016270893,0.025764577,-0.028388424,-0.031572134,0.032552474,-0.018648449,0.010246273,0.018934637,-0.015277631,0.020479922,0.006686443,-0.024713889,0.036827844,0.020662897,0.006634978,-0.00767597,-0.011393694,0.00614571,1.224476046,115.4696759,condition5_1_2_ii_1
condition5,0.030701547,0.065535033,-0.013783911,0.013440902,0.00085158,-0.000472077,0.007477835,-0.015050176,-0.011371403,0.085729677,0.046684819,0.014306638,0.049060015,-0.000811743,-0.042819576,0.013095052,0.024390801,-0.021781492,0.062368139,-0.046065846,-0.053347983,-0.013208173,0.02226044,0.027043648,-0.024463601,0.013572253,0.010540331,0.016120904,0.01587315,-0.000356738,0.05868227,-0.023370261,-0.005693531,0.020300751,-0.007426186,-0.013072838,1.367976861,101.1513806,condition5_1_2_iii_2
condition5,-0.02291627,-0.009918911,0.027444385,0.014742033,-0.023062045,0.020956785,-0.008930373,-0.001515399,0.013764017,0.041724252,0.073449867,-0.001972356,0.037201783,0.037142913,-0.025431263,0.035735557,-0.007472919,0.018632273,0.045884374,0.032935654,-0.022957533,-0.049729966,0.014495187,0.002723284,-0.012742339,0.00236701,0.012778506,-0.002542499,-0.05607875,-0.020865345,0.014761375,0.035188528,-0.002504314,-0.047666965,-0.004094738,-0.001690892,1.148063724,75.33464008,condition5_1_2_iii_0
condition5,-0.102544463,-0.032313268,-0.022872807,0.018388369,0.010208525,-0.001305571,-0.00690536,-0.002495111,0.00310731,0.099164573,0.000132952,0.02305011,0.015571236,-0.007574742,-0.009631233,-0.002731807,-0.007085519,0.005555839,-0.056136831,0.048830684,-0.006366005,-0.025983539,0.024907048,0.006623013,0.001483306,-0.0100928,0.006681908,0.000572786,-0.016836987,-0.043156928,0.017345549,0.020537186,0.010377623,0.006015678,-0.013046866,0.010770287,1.128301668,110.8477514,condition5_1_2_iii_1
condition5,0.004983129,0.007228876,0.034506311,0.005258174,0.054451335,-0.007564304,-0.011269687,-0.003529373,0.003423625,0.045191128,0.040464573,0.03520016,0.035460799,-0.016648206,-0.001497936,-0.011701035,-0.00377601,0.007630058,0.015411613,-0.000509115,-0.07257414,-0.052431508,-0.010982359,-0.014907739,0.014914761,-0.019383354,0.010227593,-0.013535438,-0.018411939,-0.041841412,0.028070676,0.030080283,-0.011344489,0.049210488,0.034125632,-0.014731867,1.131305955,121.5339733,condition5_1_1_i_2
condition5,-0.070685056,-0.052944017,-0.034026836,0.008877391,-0.006428401,0.019884805,-0.005874141,0.002638499,0.002894954,0.013291861,0.035883357,0.013850233,0.005543005,-0.004794243,-0.00968979,-0.00938881,-0.017453033,-0.006309546,-0.010590753,0.044192168,0.036062022,-0.022810764,-0.012000148,0.005638009,0.009193457,0.003376734,-0.002621015,0.091896022,0.010800642,-0.03801526,-0.032312176,0.026940231,0.00268705,0.014878504,0.01470933,-0.014714648,1.059333696,84.46325283,condition5_1_1_i_0
condition5,-0.084522644,0.105800307,0.044847776,0.016742331,-0.01282111,-0.068384902,-0.014583361,0.031611317,-0.008223022,0.13232333,-0.07068753,-0.016796637,0.027550879,-0.022830695,-0.023848392,0.011528072,-0.000629492,0.016001982,0.12127113,0.059946006,-0.080570625,-0.056806294,-0.00331725,0.000731694,0.027310117,0.039200949,0.016805061,-0.032496727,-0.047249288,0.077754253,0.089824672,-0.013574482,-0.060723979,-0.003567264,0.007790487,0.010009562,1.420282087,110.7520351,condition5_1_1_i_1
condition5,-0.081811432,-0.006447316,-0.005636533,0.002096163,-0.023675515,-0.041421268,-0.011486543,-0.031942003,0.014794115,0.029735549,0.038149184,0.017354825,-0.019808708,-0.012556865,-0.013997016,-0.024203979,0.007194176,-0.004856927,0.048017917,0.034140019,-0.028544178,-0.021714628,-0.008477667,0.016806767,-0.016025902,-0.002938265,0.02078109,-0.015666262,-0.030846029,-0.015434434,0.010373708,0.041604822,0.05204788,-0.032229474,-0.029875109,0.007719362,1.052544433,70.32164235,condition5_1_1_iv_0
condition5,0.016412236,0.142364529,0.05335763,-0.044655012,0.00898172,-0.025775153,-0.009185112,0.00361936,0.021772977,-0.013359829,0.041508781,0.042122534,-0.025907525,-0.024464289,0.011569169,0.012114268,0.022824054,-0.014852807,0.182422476,-0.047781449,-0.160628124,0.012829496,0.116291917,0.002605762,-0.066422744,0.001105135,-0.003647352,0.029122608,0.079628366,-0.065278916,-0.013005275,0.049800783,0.017266319,-0.027758264,-0.014983492,-0.00254479,1.378598223,95.50775677,condition5_1_1_iv_1
condition5,0.001376127,-0.018254065,-0.005337964,0.032911712,-0.009639003,0.030370375,-0.008822711,0.013125904,-0.00145106,-0.000867269,0.010162492,0.014817838,0.01974011,0.006859718,-0.014367555,-0.00597879,-0.016339363,0.002148552,-0.010533365,0.009836253,0.017952649,-0.029195673,-0.024644585,-0.009754284,0.027409391,0.005048919,-0.010426422,0.007316681,0.032391041,0.000984772,-0.031413136,0.000606396,0.014888465,0.012701907,0.008602867,0.004869515,0.96538369,124.90623,condition5_1_1_iv_2